{"cameraMode":{"drawMode":0,"name":"Shaded","section":"Shading Mode"},"sceneLighting":true,"audioPlay":false,"sceneViewState":{"m_AlwaysRefresh":false,"showFog":true,"showSkybox":true,"showFlares":true,"showImageEffects":true,"showParticleSystems":true,"showVisualEffectGraphs":true,"m_FxEnabled":true},"in2DMode":false,"pivot":{"x":99.17144012451172,"y":26.776460647583009,"z":-1104.106689453125},"rotation":{"x":-0.00010762980673462152,"y":0.9990131258964539,"z":-0.04439309611916542,"w":-0.0023959106765687467},"size":41.375213623046878,"orthographic":true}