{"cameraMode":{"drawMode":0,"name":"Shaded","section":"Shading Mode"},"sceneLighting":false,"audioPlay":false,"sceneViewState":{"m_AlwaysRefresh":false,"showFog":true,"showSkybox":false,"showFlares":true,"showImageEffects":true,"showParticleSystems":true,"showVisualEffectGraphs":true,"m_FxEnabled":true},"in2DMode":false,"pivot":{"x":-0.10471034049987793,"y":0.3708488941192627,"z":-0.07916951179504395},"rotation":{"x":-0.48451876640319826,"y":0.5148018002510071,"z":-0.4813305735588074,"w":-0.5182121396064758},"size":4.410432815551758,"orthographic":false}