{"cameraMode":{"drawMode":0,"name":"Shaded","section":"Shading Mode"},"sceneLighting":false,"audioPlay":false,"sceneViewState":{"m_AlwaysRefresh":false,"showFog":true,"showSkybox":false,"showFlares":true,"showImageEffects":true,"showParticleSystems":true,"showVisualEffectGraphs":true,"m_FxEnabled":true},"in2DMode":false,"pivot":{"x":89.25166320800781,"y":4.618022918701172,"z":42.630863189697269},"rotation":{"x":0.0038648012559860946,"y":0.8688846230506897,"z":-0.006786336190998554,"w":0.4949560761451721},"size":0.1404813677072525,"orthographic":false}