{"cameraMode":{"drawMode":0,"name":"Shaded","section":"Shading Mode"},"sceneLighting":false,"audioPlay":false,"sceneViewState":{"m_AlwaysRefresh":false,"showFog":true,"showSkybox":false,"showFlares":true,"showImageEffects":true,"showParticleSystems":true,"showVisualEffectGraphs":true,"m_FxEnabled":true},"in2DMode":false,"pivot":{"x":89.26155853271485,"y":4.720128536224365,"z":42.64524841308594},"rotation":{"x":0.015782862901687623,"y":0.8677285313606262,"z":-0.02761201187968254,"w":0.4960229694843292},"size":0.00016147264977917075,"orthographic":false}