{"cameraMode":{"drawMode":0,"name":"Shaded","section":"Shading Mode"},"sceneLighting":true,"audioPlay":false,"sceneViewState":{"m_AlwaysRefresh":false,"showFog":true,"showSkybox":true,"showFlares":true,"showImageEffects":true,"showParticleSystems":true,"showVisualEffectGraphs":true,"m_FxEnabled":true},"in2DMode":false,"pivot":{"x":-1.3427387475967408,"y":-0.4306182861328125,"z":1.8341201543807984},"rotation":{"x":-0.48451876640319826,"y":0.5148018002510071,"z":-0.4813305735588074,"w":-0.5182121396064758},"size":14.947400093078614,"orthographic":false}